,artist_name,popularity,track_name,uri
0,Drake,"[88, 87, 87, 85, 84, 84, 84, 81, 80, 80]","[""God's Plan"", 'In My Feelings', 'Nonstop', 'Look Alive (feat. Drake)', 'Nice For What', 'Yes Indeed', 'Never Recover (Lil Baby & Gunna, Drake)', 'One Dance', 'Don’t Matter To Me (with Michael Jackson)', 'Passionfruit']","['spotify:track:6DCZcSspjsKoFjzjrWoCdn', 'spotify:track:2G7V7zsVDxg1yRsu7Ew9RJ', 'spotify:track:0TlLq3lA83rQOYtrqBqSct', 'spotify:track:4qKcDkK6siZ7Jp1Jb4m0aL', 'spotify:track:3CA9pLiwRIGtUBiMjbZmRw', 'spotify:track:6vN77lE9LK6HP2DewaN6HZ', 'spotify:track:6wWaVoUOzLQJHd3bWAUpdZ', 'spotify:track:1zi7xx7UVEFkmKfv06H8x0', 'spotify:track:6G8kHiVZ1jW7vHMPVRNZU0', 'spotify:track:5mCPDVBb16L4XQwDdbRUpz']"
1,Post Malone,"[98, 97, 91, 90, 87, 86, 85, 82, 81, 80]","['Sunflower - Spider-Man: Into the Spider-Verse', 'Wow.', 'Better Now', 'rockstar (feat. 21 Savage)', 'Psycho (feat. Ty Dolla $ign)', 'I Fall Apart', 'Congratulations', 'Candy Paint', 'Go Flex', 'White Iverson']","['spotify:track:3KkXRkHbMCARz0aVfEt68P', 'spotify:track:6MWtB6iiXyIwun0YzU6DFP', 'spotify:track:7dt6x5M1jzdTEt8oCbisTK', 'spotify:track:0e7ipj03S05BNilyu5bRzt', 'spotify:track:3swc6WTsr7rl9DqQKQA55C', 'spotify:track:75ZvA4QfFiZvzhj2xkaWAh', 'spotify:track:3a1lNhkSLSkpJE4MSHpDu9', 'spotify:track:32lItqlMi4LBhb4k0BaSaC', 'spotify:track:5yuShbu70mtHXY0yLzCQLQ', 'spotify:track:6eT7xZZlB2mwyzJ2sUKG6w']"
2,XXXTENTACION,"[91, 90, 90, 88, 87, 86, 86, 86, 84, 79]","['SAD!', 'Arms Around You (feat. Maluma & Swae Lee)', 'Moonlight', 'Jocelyn Flores', 'whoa (mind in awe)', 'changes', 'Falling Down - Bonus Track', 'Fuck Love (feat. Trippie Redd)', 'Everybody Dies In Their Nightmares', 'BAD!']","['spotify:track:3ee8Jmje8o58CHK66QrVC2', 'spotify:track:2LskIZrCeLxRvCiGP8gxlh', 'spotify:track:0JP9xo3adEtGSdUEISiszL', 'spotify:track:7m9OqQk4RVRkw9JJdeAw96', 'spotify:track:7pdF27mSDuPWhppnHAmWHa', 'spotify:track:7AFASza1mXqntmGtbxXprO', 'spotify:track:4jvjzW7Hm0yK4LvvE0Paz9', 'spotify:track:7AQim7LbvFVZJE3O8TYgf2', 'spotify:track:3GVkPk8mqxz0itaAriG1L7', 'spotify:track:22An65gG31JLf9n18qjdhZ']"
3,J Balvin,"[88, 88, 72, 82, 80, 79, 79, 78, 78, 76]","['I Like It', 'Reggaeton', 'Say My Name', 'X', 'Ponle', 'No Es Justo', 'Mocca - Remix', 'Downtown', 'X - Remix', 'Familiar']","['spotify:track:58q2HKrzhC3ozto2nDdN4z', 'spotify:track:2D3z17LBMJ2HEHeBFFjTLi', 'spotify:track:3MoV1UsAJmz64LHqyiRMp0', 'spotify:track:39N9RPD9MRb5WmoLzNzPeA', 'spotify:track:28O1p0bQXH2F6Qn8jBZZR4', 'spotify:track:5qFeMRz4TvetPmzjre9Dq7', 'spotify:track:1usoXi4f0BnMART4uActEA', 'spotify:track:3Ga6eKrUFf12ouh9Yw3v2D', 'spotify:track:6JjPBQfI2Y8nIjnm65X6Pw', 'spotify:track:0Y4hwUppbGc8aIBmiTz30A']"
4,Ed Sheeran,"[87, 85, 84, 66, 67, 82, 81, 80, 78, 78]","['Perfect', 'Shape of You', 'Happier', 'Photograph', 'Thinking out Loud', 'Perfect Duet (Ed Sheeran & Beyoncé)', 'Galway Girl', 'Castle on the Hill', 'Supermarket Flowers', 'Dive']","['spotify:track:0tgVpDi06FyKpA1z0VMD4v', 'spotify:track:7qiZfU4dY1lWllzX7mPBI3', 'spotify:track:2RttW7RAu5nOAfq6YFvApB', 'spotify:track:6fxVffaTuwjgEk5h9QyRjy', 'spotify:track:1Slwb6dOYkBlWal1PGtnNg', 'spotify:track:1bhUWB0zJMIKr9yVPrkEuI', 'spotify:track:0afhq8XCExXpqazXczTSve', 'spotify:track:6PCUP3dWmTjcTtXY02oFdT', 'spotify:track:4VuS959DSpr82t3qBqCrWG', 'spotify:track:51ChrwmUPDJvedPQnIU8Ls']"
5,Eminem,"[84, 83, 81, 81, 80, 80, 80, 80, 79, 77]","['Lucky You (feat. Joyner Lucas)', ""'Till I Collapse"", 'Killshot', 'Venom - Music From The Motion Picture', 'River (feat. Ed Sheeran)', 'Love The Way You Lie', 'Lose Yourself - From ""8 Mile"" Soundtrack', 'Without Me', 'The Ringer', 'Fall']","['spotify:track:60SdxE8apGAxMiRrpbmLY0', 'spotify:track:4xkOaSrkexMciUUogZKVTS', 'spotify:track:1jo3TwNGCXfNdB5uba3ZVv', 'spotify:track:2SL6oP2YAEQbqsrkOzRGO4', 'spotify:track:1cS0TgbR263ey9jn0MwD2s', 'spotify:track:15JINEqzVMv3SvJTAXAKED', 'spotify:track:5Z01UMMf7V1o0MzF86s6WJ', 'spotify:track:7lQ8MOhq6IN2w8EYcFNSUk', 'spotify:track:2jt2WxXMCD4zjACthkJQVE', 'spotify:track:58QhkbaAkLFnn7JwAnAato']"
6,Bad Bunny,"[94, 88, 88, 86, 80, 82, 82, 79, 79, 79]","['MIA (feat. Drake)', 'I Like It', 'NI BIEN NI MAL', 'Te Boté - Remix', 'Solo de Mi', 'Está Rico', 'Caro', 'Estamos Bien', 'Otra Noche en Miami', 'La Romana']","['spotify:track:116H0KvKr2Zl4RPuVBruDO', 'spotify:track:58q2HKrzhC3ozto2nDdN4z', 'spotify:track:278kSqsZIiYp8p3QjYAqa8', 'spotify:track:3V8UKqhEK5zBkBb6d6ub8i', 'spotify:track:4uP3pUP18ennmz0tb3GphR', 'spotify:track:2wRkBumdItthjYP9XknImg', 'spotify:track:6it15CsDlkqB7N4lF0C1qM', 'spotify:track:2OWVCFTolecLiGZPquvWvT', 'spotify:track:4vCAzANUWDE24URV6wQ4ra', 'spotify:track:1khmgu0pveJbkbpbkyvcQv']"
7,Ozuna,"[95, 90, 88, 69, 85, 84, 82, 81, 80, 80]","['Taki Taki (with Selena Gomez, Ozuna & Cardi B)', 'Baila Baila Baila', 'Vaina Loca', 'Imposible', 'Asesina - Remix', 'Ibiza', 'Luz Apaga', 'Devuelveme', 'Criminal', 'Callao']","['spotify:track:4w8niZpiMy6qz1mntFA5uM', 'spotify:track:7uH27oIt4a6cIFCA8ZPcyG', 'spotify:track:48zFZh27QU5qsrBjn4C2FA', 'spotify:track:4cuGZb0iFyHtwaSKdKrJkF', 'spotify:track:59PYgzOiOjGDzjDT5N5oOX', 'spotify:track:1h9P5WJwyvK8OB7O2YiXgp', 'spotify:track:5Q3e16qE1RE5oilN3ukasm', 'spotify:track:5uvucCRBTkxv7VxIDLOqe7', 'spotify:track:6Za3190Sbw39BBC77WSS1C', 'spotify:track:3gu0fRSgFuc4FmrtIv0DnC']"
8,Khalid,"[81, 90, 81, 86, 84, 84, 84, 83, 83, 82]","['Eastside (with Halsey & Khalid)', 'lovely (with Khalid)', 'Saturday Nights', 'Better', 'Love Lies (with Normani)', 'Silence', 'Young Dumb & Broke', 'Talk', 'Ocean (feat. Khalid)', 'Location']","['spotify:track:7FGq80cy8juXBCD2nrqdWU', 'spotify:track:0u2P5u6lvoDfwTYjAADbn4', 'spotify:track:5kfNriitmkNE8mUbZ7gbq8', 'spotify:track:6zeeWid2sgw4lap2jV61PZ', 'spotify:track:45Egmo7icyopuzJN0oMEdk', 'spotify:track:7vGuf3Y35N4wmASOKLUVVU', 'spotify:track:5Z3GHaZ6ec9bsiI5BenrbY', 'spotify:track:0rTV5WefWd1J3OwIheTzxM', 'spotify:track:3nc420PXjTdBV5TN0gCFkS', 'spotify:track:152lZdxL1OR0ZMW6KquMif']"
9,Kendrick Lamar,"[84, 83, 80, 79, 79, 77, 76, 74, 73, 72]","['HUMBLE.', 'All The Stars (with SZA)', 'DNA.', 'Pray For Me (with Kendrick Lamar)', 'LOVE. FEAT. ZACARI.', ""King's Dead (with Kendrick Lamar, Future & James Blake)"", 'HUMBLE. - SKRILLEX REMIX', 'LOYALTY. FEAT. RIHANNA.', 'King Kunta', 'Big Shot (with Travis Scott)']","['spotify:track:7KXjTSCq5nL1LoYtL7XAwS', 'spotify:track:3GCdLUSnKSMJhs4Tj6CV3s', 'spotify:track:6HZILIRieu8S0iqY8kIKhj', 'spotify:track:77UjLW8j5UAGAGVGhR5oUK', 'spotify:track:6PGoSes0D9eUDeeAafB2As', 'spotify:track:51rXHuKN8Loc4sUlKPODgH', 'spotify:track:65ES1qwOB577ZnTkizMXJJ', 'spotify:track:6SwRhMLwNqEi6alNPVG00n', 'spotify:track:0N3W5peJUQtI4eyR6GJT5O', 'spotify:track:5cXg9IQS34FzLVdHhp7hu7']"
10,Travis Scott,"[94, 86, 84, 83, 82, 79, 78, 76, 76, 75]","['SICKO MODE', 'YOSEMITE', 'goosebumps', 'STARGAZING', 'BUTTERFLY EFFECT', ""CAN'T SAY"", 'SICKO MODE - Skrillex Remix', 'NO BYSTANDERS', 'WAKE UP', 'Antidote']","['spotify:track:2xLMifQCjDGFmkHkpNLD9h', 'spotify:track:7lAK3oHbfEnvUQWosrMMpR', 'spotify:track:6gBFPUFcJLzWGx4lenP6h2', 'spotify:track:7wBJfHzpfI3032CSD7CE2m', 'spotify:track:2cYqizR4lgvp4Qu6IQ3qGN', 'spotify:track:27a1mYSG5tYg7dmEjWBcmL', 'spotify:track:0u695M7KyzXaPIjpEbxOkB', 'spotify:track:6OaVWaGfhXn70ZJfdVcabn', 'spotify:track:20MuVazoNMv6xjKPnRFOxG', 'spotify:track:1wHZx0LgzFHyeIZkUydNXq']"
11,The Weeknd,"[89, 83, 73, 80, 79, 69, 78, 76, 68, 65]","['Lost in the Fire (feat. The Weeknd)', 'Starboy', 'Call Out My Name', 'The Hills', 'Pray For Me (with Kendrick Lamar)', 'I Feel It Coming', ""Can't Feel My Face"", 'Love Me Harder', 'Earned It (Fifty Shades Of Grey)', 'Die For You']","['spotify:track:7wFybC8jBH3zE139OpCtpG', 'spotify:track:7MXVkk9YMctZqd1Srtv4MB', 'spotify:track:1gm616Plq4ScqNi7TVkZ5N', 'spotify:track:7fBv7CLKzipRk6EC6TWHOB', 'spotify:track:77UjLW8j5UAGAGVGhR5oUK', 'spotify:track:5GXAXm5YOmYT0kL5jHvYBt', 'spotify:track:22VdIZQfgXJea34mQxlt81', 'spotify:track:5J4ZkQpzMUFojo1CtAZYpn', 'spotify:track:4frLb7nWtsz2ymBE6k2GRP', 'spotify:track:2LBqCSwhJGcFQeTHMVGwy3']"
12,Kanye West,"[86, 78, 77, 77, 76, 73, 75, 74, 73, 72]","['I Love It (& Lil Pump)', 'FourFiveSeconds', 'Gold Digger', 'POWER', 'All Mine', 'Stronger', 'Heartless', 'Black Skinhead', 'Famous', 'Yikes']","['spotify:track:4S8d14HvHb70ImctNgVzQQ', 'spotify:track:78TTtXnFQPzwqlbtbwqN0y', 'spotify:track:1PS1QMdUqOal0ai3Gt7sDQ', 'spotify:track:2gZUPNdnz5Y45eiGxpHGSc', 'spotify:track:3U21A07gAloCc4P7J8rxcn', 'spotify:track:6C7RJEIUDqKkJRZVWdkfkH', 'spotify:track:4EWCNWgDS8707fNSZ1oaA5', 'spotify:track:722tgOgdIbNe3BEyLnejw4', 'spotify:track:19a3JfW8BQwqHWUMbcqSx8', 'spotify:track:1qsHYUd2c1wFGcn7e63QmG']"
13,David Guetta,"[72, 57, 81, 56, 57, 63, 75, 74, 74, 70]","['Say My Name', 'Flames', 'Goodbye (feat. Nicki Minaj & Willy William)', 'Like I Do', ""Don't Leave Me Alone (feat. Anne-Marie)"", 'Titanium (feat. Sia)', 'Your Love', 'So Far Away (feat. Jamie Scott & Romy Dya)', ""Better When You're Gone"", 'Mad Love']","['spotify:track:3MoV1UsAJmz64LHqyiRMp0', 'spotify:track:3tTYxjYYcXFqFXA0AZ1Fav', 'spotify:track:5Xn4IyTtW6FUGIUyWjbUHG', 'spotify:track:03IBnHJvOQBr4dy3RguAph', 'spotify:track:4uZBBwJwTJeL3Swlk2ufLr', 'spotify:track:0lHAMNU8RGiIObScrsRgmP', 'spotify:track:0tgbSxoFjZ20MjfoKwWevV', 'spotify:track:0OlnLZY4cmQzT6ZGttvWBM', 'spotify:track:4Tvw0lweq9l2JPQKFbpbBQ', 'spotify:track:4dSoDnmR9opAQ8KxUc9SbC']"
14,Marshmello,"[95, 86, 84, 84, 82, 81, 75, 77, 74, 71]","['Happier', 'FRIENDS', 'Silence', 'Wolves', 'Alone', 'Everyday', 'Project Dreams', 'Spotlight', 'Fly', 'Danger (with Migos & Marshmello)']","['spotify:track:2dpaYNEQHiRxtZbfNsse99', 'spotify:track:08bNPGLD8AhKpnnERrAc6G', 'spotify:track:7vGuf3Y35N4wmASOKLUVVU', 'spotify:track:0tBbt8CrmxbjRP0pueQkyU', 'spotify:track:12mGwph2YzDIlChtq3EdXP', 'spotify:track:4EAV2cKiqKP5UPZmY6dejk', 'spotify:track:6GSkLS2y4ZnnZsuRAj975K', 'spotify:track:6VrCmhRBFnuGKmtNfk4jDs', 'spotify:track:2HO0uCyq8jOveEzvmo4JEu', 'spotify:track:0nhVrTiCGiGRCoZOJiWzm1']"
15,Shawn Mendes,"[85, 83, 83, 82, 80, 78, 77, 76, 70, 75]","['In My Blood', 'Treat You Better', ""There's Nothing Holdin' Me Back"", 'Lost In Japan', 'Mercy', 'Youth (feat. Khalid)', ""Fallin' All In You"", 'Where Were You In The Morning?', 'Stitches', 'Nervous']","['spotify:track:2QZ7WLBE8h2y1Y5Fb8RYbH', 'spotify:track:3QGsuHI8jO1Rx4JWLUh9jd', 'spotify:track:7JJmb5XwzOO8jgpou264Ml', 'spotify:track:79esEXlqqmq0GPz0xQSZTV', 'spotify:track:0AS63m1wHv9n4VVRizK6Hc', 'spotify:track:1h0yImRPIVAjhhHeNVlTuC', 'spotify:track:5EYBryPOgIEPB7r5QIy6eG', 'spotify:track:376Gg7Oxo5C5jUWDWpVXeI', 'spotify:track:5jsw9uXEGuKyJzs0boZ1bT', 'spotify:track:5wxurz8J6YlyQRNnGN8zXS']"
16,benny blanco,"[81, 79, 65, 72, 61, 67, 57, 51, 51, 42]","['Eastside (with Halsey & Khalid)', 'Roses (with Juice WRLD feat. Brendon Urie)', 'I Found You (with Calvin Harris)', 'I Found You / Nilda’s Story (with Calvin Harris & Miguel)', 'Better to Lie (with Jesse & Swae Lee)', 'Eastside (with Halsey & Khalid) - Acoustic', 'More/Diamond Ring (feat. Ty Dolla $ign & 6LACK)', 'Just For Us Pt. 2', 'Break My Heart (feat. Ryan Beatty)', 'Somebody to Love (feat. Justin Bieber) - Remix']","['spotify:track:7FGq80cy8juXBCD2nrqdWU', 'spotify:track:1KVczjazCcCCgM3gXXUl47', 'spotify:track:1kQhi22kyluRCnIPAXtxEZ', 'spotify:track:3eVuglKxN2sjoIGHAsFAge', 'spotify:track:6fq5GyXeT7kfzkK97b9rGC', 'spotify:track:5iQ0Va8Dt5Yky4TXuqO5TF', 'spotify:track:0v56EFhzpi5Gs5zeGx3IGO', 'spotify:track:6Rfs2oVALQmUodC9DURPED', 'spotify:track:1EIp5b5DgFGvYQpHjYi7J4', 'spotify:track:6tnrFU8iLQ6orFXjCA3flL']"
17,Daddy Yankee,"[90, 88, 85, 80, 79, 76, 75, 75, 69, 74]","['Adictiva', 'Con Calma', 'Asesina - Remix', 'Despacito - Remix', 'Dura', 'Dura - Remix', 'Gasolina', 'Bella y Sensual', 'Despacito', 'Zum Zum']","['spotify:track:6MJUCumnQsQEKbCy28tbCP', 'spotify:track:5w9c2J52mkdntKOmRLeM2m', 'spotify:track:59PYgzOiOjGDzjDT5N5oOX', 'spotify:track:6rPO02ozF3bM7NnOV4h6s2', 'spotify:track:6KuqAtoeVzxAYOaMveLNpH', 'spotify:track:6U2NuJILEOEpW2tVCuqKHb', 'spotify:track:6jEZLz3YpnEBRpVkv35AmP', 'spotify:track:0ERbK7qVqveCaBWIiYCrl3', 'spotify:track:6habFhsOp2NvshLv26DqMb', 'spotify:track:7lEhOiFtcLXY4P7cuTKuQ8']"
18,Bruno Mars,"[79, 83, 81, 80, 79, 77, 77, 76, 74, 73]","['Wake Up in the Sky', ""That's What I Like"", 'Finesse (Remix) [feat. Cardi B]', 'When I Was Your Man', '24K Magic', 'Just the Way You Are', 'Locked Out Of Heaven', 'Versace On The Floor', 'Treasure', 'Grenade']","['spotify:track:2G1tXoGBaEMJ7FKGnkf6ud', 'spotify:track:0KKkJNfGyhkQ5aFogxQAPU', 'spotify:track:3Vo4wInECJQuz9BIBMOu8i', 'spotify:track:0nJW01T7XtvILxQgC5J7Wh', 'spotify:track:6b8Be6ljOzmkOmFslEb23P', 'spotify:track:7BqBn9nzAq8spo5e7cZ0dJ', 'spotify:track:3w3y8KPTfNeOKPiqUTakBh', 'spotify:track:0kN8xEmgMW9mh7UmDYHlJP', 'spotify:track:55h7vJchibLdUkxdlX3fK7', 'spotify:track:2tJulUYLDKOg9XrtVkMgcJ']"
19,Future,"[85, 84, 82, 80, 78, 77, 76, 75, 74, 73]","['First Off (feat. Travis Scott)', 'Fine China', 'Crushed Up', 'Mask Off', 'Jumpin on a Jet', ""King's Dead (with Kendrick Lamar, Future & James Blake)"", 'Hard Work Pays Off', 'Jumpman', 'Low Life', 'F&N']","['spotify:track:3WRIaWsws011vHMd9uzPjG', 'spotify:track:5274I4mUMnYczyeXkGDWZN', 'spotify:track:7wcyO1rrH3Ru4t659IjG41', 'spotify:track:0VgkVdmE4gld66l8iyGjgx', 'spotify:track:1I3ZAmPmbFV78oNKnibOiW', 'spotify:track:51rXHuKN8Loc4sUlKPODgH', 'spotify:track:6gzIcEUuswJQGfJNPYMjjv', 'spotify:track:27GmP9AWRs744SzKcpJsTZ', 'spotify:track:7EiZI6JVHllARrX9PUvAdX', 'spotify:track:5YP6yKgGGsXKukqxXypVAf']"
20,Sam Smith,"[94, 89, 86, 78, 82, 81, 76, 73, 71, 71]","['Dancing With A Stranger (with Normani)', 'Promises (with Sam Smith)', 'Fire On Fire - From ""Watership Down""', 'Too Good At Goodbyes', 'Stay With Me', ""I'm Not The Only One"", 'Lay Me Down', 'Have Yourself A Merry Little Christmas', 'Make It To Me', 'Like I Can']","['spotify:track:6Qs4SXO9dwPj5GKvVOv8Ki', 'spotify:track:5N5k9nd479b1xpDZ4usjrg', 'spotify:track:5rFj8OzffT0iggSjcBaeND', 'spotify:track:3VlbOrM6nYPprVvzBZllE5', 'spotify:track:5Nm9ERjJZ5oyfXZTECKmRt', 'spotify:track:7795WJLVKJoAyVoOtCWqXN', 'spotify:track:64GRDrL1efgXclrhVCeuA0', 'spotify:track:1Qi2wh8fFgDV7tl4Sj3f2K', 'spotify:track:2uCMaUojwuqr8CRGsLoPa6', 'spotify:track:2TeLIzFBe3hxkPR5FIQZut']"
21,Maluma,"[86, 85, 84, 80, 80, 78, 78, 76, 72, 72]","['Créeme', 'Amigos Con Derechos', 'Mala Mía', 'Mala Mía - Remix', 'Clandestino', 'Felices los 4', 'Corazón (feat. Nego do Borel)', 'El Préstamo', 'Marinero', 'Borro Cassette']","['spotify:track:1mT47pKLXUwPYGwB91GcNz', 'spotify:track:2zDj4WjbNDmrRL6Z4YjjCA', 'spotify:track:62o8KoI44JfN7aYxgTnPvh', 'spotify:track:6sAwJPgaSQ9Q4XGnbx1gZb', 'spotify:track:7DrluKkTviBwCc8AV3VGmf', 'spotify:track:1RouRzlg8OKFeqc6LvdxmB', 'spotify:track:5cepAtqnEQ6yVG6088zMMu', 'spotify:track:2XVilv6s9GETnw9PG4T9Mz', 'spotify:track:6x5LBP3nYXVdIDoomChGr3', 'spotify:track:6DUdDIRgLqCGq1DwkNWQTN']"
22,Chris Brown,"[86, 81, 74, 73, 73, 71, 67, 70, 62, 69]","['Undecided', 'Freaky Friday (feat. Chris Brown)', 'Ayo', 'Stranger Things', 'Loyal', 'Fuck It Off (feat. Chris Brown)', 'Five More Hours - Deorro x Chris Brown', ""I Don't Die"", 'Questions', 'Just Let Go']","['spotify:track:7uiBocndm12aKbsdnQ3Scx', 'spotify:track:10Igtw8bSDyyFs7KIsKngZ', 'spotify:track:0k6DnZMLoEUH8NGD5zh2SE', 'spotify:track:34I0nBvoE0ZXmqbKiJ5BWS', 'spotify:track:7kqcudBGM74MXVoYMaoWkC', 'spotify:track:3jGYpYY6jm48GArqKDnuwG', 'spotify:track:3MOECVkNshqHYTPt5DZcdN', 'spotify:track:3NSmC1EQKOdUe6KhMrDDk5', 'spotify:track:3ojTJaonfkL96iIWa47SU3', 'spotify:track:05u5qeM36BBjaF9lsOyar2']"
23,J. Cole,"[93, 81, 78, 78, 77, 76, 75, 75, 74, 74]","['MIDDLE CHILD', 'No Role Modelz', 'KOD', 'Wet Dreamz', 'Kevin’s Heart', 'Tribe (with J. Cole)', 'G.O.M.D.', 'Off Deez (with J. Cole)', 'Neighbors', 'ATM']","['spotify:track:2JvzF1RMd7lE3KmFlsyZD8', 'spotify:track:62vpWI1CHwFy7tMIcSStl8', 'spotify:track:7yotKA30dwTKNEGomV9ZsI', 'spotify:track:6Ius4TC0L3cN74HT7ENE6e', 'spotify:track:6tZ3b7ik1QDXFAZlXib0YZ', 'spotify:track:0YAQnYt2oB8OdoaeqnHyTI', 'spotify:track:16qYlQ6koFxYVbiJbGHblz', 'spotify:track:3JAeYOjyJodI4PRs44lx2l', 'spotify:track:0utlOiJy2weVl9WTkcEWHy', 'spotify:track:2UciqgwVDwro0fev3MFbxJ']"
24,Juice WRLD,"[90, 87, 84, 83, 82, 79, 81, 80, 80, 79]","['Lucid Dreams', 'Armed And Dangerous', 'Fine China', 'All Girls Are The Same', 'Lean Wit Me', 'Roses (with Juice WRLD feat. Brendon Urie)', 'Hide (feat. Seezyn)', 'Legends', 'Wasted (feat. Lil Uzi Vert)', 'Black & White']","['spotify:track:285pBltuF7vW8TeWk8hdRR', 'spotify:track:5wujBwqG7INdStqGd4tRMX', 'spotify:track:5274I4mUMnYczyeXkGDWZN', 'spotify:track:4VXIryQMWpIdGgYR4TrjT1', 'spotify:track:3oDkdAySo1VQQG0ptV7uwa', 'spotify:track:1KVczjazCcCCgM3gXXUl47', 'spotify:track:6rz0dTA0PdhXImFV5EjM0w', 'spotify:track:1Knctxx9vGZxpZfF66BIEa', 'spotify:track:1a7WZZZH7LzyvorhpOJFTe', 'spotify:track:1fCeXjoRExPP2qwSBh2aST']"
25,Kygo,"[86, 70, 73, 69, 77, 75, 74, 73, 69, 69]","['Happy Now', 'Born To Be Yours', 'Remind Me to Forget', 'It Ain’t Me (with Selena Gomez)', 'Stargazing', 'Firestone (feat. Conrad Sewell)', 'Stole the Show', 'First Time', 'Happy Now - R3HAB Remix', 'Stranger Things (feat. OneRepublic)']","['spotify:track:14sOS5L36385FJ3OL8hew4', 'spotify:track:0WVAQaxrT0wsGEG4BCVSn2', 'spotify:track:6xTU6B6nFwKKTSZ9ySXS80', 'spotify:track:12GEpg2XOPyqk03JZEZnJs', 'spotify:track:0Zbbxnx4SGGHoIow4PpISP', 'spotify:track:1I8tHoNBFTuoJAlh4hfVVE', 'spotify:track:5masKPHeAOVNgxdLebIcK7', 'spotify:track:2Gl0FzuLxflY6nPifJp5Dr', 'spotify:track:7AkLPOwjju8taQCJCaIUts', 'spotify:track:4sJqSKPc5fZ5OZ8JiVI44N']"
26,Logic,"[86, 82, 81, 77, 72, 69, 68, 68, 67, 67]","['Keanu Reeves', '1-800-273-8255', 'Everyday', '44 More', 'Everybody', 'ICONIC (ft. Jaden Smith)', 'Flexicution', 'Midnight', 'Wu Tang Forever (ft. Ghostface Killah, Raekwon, RZA, Method Man, Inspectah Deck, Cappadonna, Jackpot Scotty Wotty, U-God, Masta Killa, GZA)', 'Ballin']","['spotify:track:25F6MWrnFBCXVnpN4n76EK', 'spotify:track:5tz69p7tJuGPeMGwNTxYuV', 'spotify:track:4EAV2cKiqKP5UPZmY6dejk', 'spotify:track:3e7Y6sfFlIdBMJhX7wpqVO', 'spotify:track:7cGFbx7MP0H23iHZTZpqMM', 'spotify:track:1FmdAhS8FqRoEJ4jcSfuKZ', 'spotify:track:2c8sgbZoEanC3QyFNZxUcA', 'spotify:track:1GtVGc1UYin3zpMUdNSSpM', 'spotify:track:6VDz4m1vEGHDDqQojf1mpc', 'spotify:track:17N5FdRwJuv3UXQ7MHnbhF']"
27,Lil Uzi Vert,"[85, 80, 79, 77, 74, 73, 73, 73, 72, 72]","['XO TOUR Llif3', 'New Patek', 'The Way Life Goes (feat. Oh Wonder)', 'Money Longer', 'Dark Queen', 'Erase Your Social', 'Sauce It Up', '20 Min', 'You Was Right', 'Watch (feat. Lil Uzi Vert & Kanye West)']","['spotify:track:7GX5flRQZVHRAGd6B4TmDO', 'spotify:track:0Fpen1PTuEnCmOJtUU9Iud', 'spotify:track:2eAZfqOm4EnOF9VvN50Tyc', 'spotify:track:0B8QzDH7YWih85V5SEMnyJ', 'spotify:track:2ZdCrBA52bb4pIG3tOOZiQ', 'spotify:track:4uhvMW7ly7tJil31YYscAN', 'spotify:track:1uL78kFWxhz3umTMWJu8n5', 'spotify:track:0uxSUdBrJy9Un0EYoBowng', 'spotify:track:2ANLarE8yHVsLWW21nj79M', 'spotify:track:3DoBTwfr8yi2LN08SBpFkN']"
28,G-Eazy,"[80, 77, 71, 75, 73, 73, 69, 67, 67, 63]","['Him & I (with Halsey)', 'Me, Myself & I', 'No Limit', '1942', 'My Year', 'I Mean It', 'Some Kind Of Drug', 'Drop', 'Calm Down', 'Good Life (with G-Eazy & Kehlani)']","['spotify:track:5k38wzpLb15YgncyWdTZE4', 'spotify:track:40YcuQysJ0KlGQTeGUosTC', 'spotify:track:2DQ1ITjI0YoLFzuADN1ZBW', 'spotify:track:794QVQtFNy7hvtjQP1keQd', 'spotify:track:6MDjeiUWPPgEwLtiBrr9he', 'spotify:track:6jmTHeoWvBaSrwWttr8Xvu', 'spotify:track:1Bqxj0aH5KewYHKUg1IdrF', 'spotify:track:61TklWcG8PbT5hvUTzwLaY', 'spotify:track:7xq3uN2toVZ8IbNzfTucyJ', 'spotify:track:1Eck97uRMlprKOOJN9oO1E']"
29,Martin Garrix,"[83, 82, 80, 80, 56, 76, 76, 74, 71, 68]","['Ocean (feat. Khalid)', 'High On Life (feat. Bonn)', 'In the Name of Love', 'Scared to Be Lonely', 'Like I Do', 'There for You', 'Burn Out (feat. Dewain Whitmore)', 'So Far Away (feat. Jamie Scott & Romy Dya)', 'Dreamer', 'Glitch']","['spotify:track:3nc420PXjTdBV5TN0gCFkS', 'spotify:track:4ut5G4rgB1ClpMTMfjoIuy', 'spotify:track:23L5CiUhw2jV1OIMwthR3S', 'spotify:track:3ebXMykcMXOcLeJ9xZ17XH', 'spotify:track:03IBnHJvOQBr4dy3RguAph', 'spotify:track:6jA8HL9i4QGzsj6fjoxp8Y', 'spotify:track:7IWTIkiWGWNQyYfOLdMrGD', 'spotify:track:0OlnLZY4cmQzT6ZGttvWBM', 'spotify:track:0wUxh6XMc698xPCfgBaPRV', 'spotify:track:47knrBbYhqtrggWYSkU6h1']"
30,Avicii,"[82, 82, 78, 78, 78, 77, 57, 68, 68, 67]","['Wake Me Up', 'Without You (feat. Sandro Cavazza)', 'Waiting For Love', 'Lonely Together (feat. Rita Ora)', 'The Nights', 'Hey Brother', 'Levels - Radio Edit', 'Addicted To You', 'You Make Me', 'For A Better Day']","['spotify:track:4h8VwCb1MTGoLKueQ1WgbD', 'spotify:track:6Pgkp4qUoTmJIPn7ReaGxL', 'spotify:track:2P4OICZRVAQcYAV2JReRfj', 'spotify:track:75NhhYjHO43mvZgYtnXgti', 'spotify:track:0ct6r3EGTcMLPtrXHDvVjc', 'spotify:track:4RXpgGM7A4Hg7cFBoH5KyF', 'spotify:track:4dPTHF7N8S9jM1xIHyF2W8', 'spotify:track:5GayeBzzXIEl6fY0cP42Z1', 'spotify:track:1CKtxKqyFsFITCH4SpDrWj', 'spotify:track:7kbTZWt7DnzIzbkyzFE1PW']"
31,Lil Wayne,"[80, 79, 78, 77, 75, 75, 75, 73, 72, 70]","['Uproar', 'Scared of the Dark (feat. XXXTENTACION)', 'Mona Lisa (feat. Kendrick Lamar)', 'Sucker For Pain (with Wiz Khalifa, Imagine Dragons, Logic & Ty Dolla $ign feat. X Ambassadors)', ""Don't Cry (feat. XXXTENTACION)"", 'Genius (with Lil Wayne, Sia, Diplo & Labrinth - Lil Wayne Remix)', 'Codeine Dreaming (feat. Lil Wayne)', 'A Milli', 'Let It Fly (feat. Travis Scott)', 'Lollipop']","['spotify:track:3wScL5W8H40zzCKN0atfBk', 'spotify:track:3vWzyGTu6Ovo1GdrcJqH6e', 'spotify:track:0dbTQYW3Ad1FTzIA9t90E8', 'spotify:track:4dASQiO1Eoo3RJvt74FtXB', 'spotify:track:5BQrp63SHCVf4bzCzJePne', 'spotify:track:0yjJ3it84L5Uq6fCCO7C9t', 'spotify:track:4DTpngLjoHj5gFxEZFeD3J', 'spotify:track:6ScJMrlpiLfZUGtWp4QIVt', 'spotify:track:0CBQ0m3mufWH75LTYB3s6h', 'spotify:track:4P7VFiaZb3xrXoqGwZXC3J']"
32,6ix9ine,"[87, 86, 86, 85, 82, 82, 80, 79, 78, 77]","['KIKA (feat. Tory Lanez)', 'MALA (feat. Anuel Aa)', 'BEBE (feat. Anuel Aa)', 'FEFE (feat. Nicki Minaj, Murda Beatz)', 'TIC TOC (feat. Lil Baby)', 'MAMA (feat. Nicki Minaj, Kanye West)', 'WAKA (feat. A Boogie Wit da Hoodie)', 'STOOPID (feat. Bobby Shmurda)', 'BILLY', 'TATI (feat. DJ SpinKing)']","['spotify:track:6Gy7rXB6Ku5vIWC7WGWsl3', 'spotify:track:0LQ1J0BCzA2qnAgp9MkkNE', 'spotify:track:4KkUjFkcQvGvWekl8RATDn', 'spotify:track:4QIyEq7TcTdAcxjI2AFlAK', 'spotify:track:4m5Cd9kAbIxg6t9sMrQWtk', 'spotify:track:1oJ8EDr2pv94IvSd6ZmDgo', 'spotify:track:6o79O9qBP3OAkWOXajAQIS', 'spotify:track:6k2iq1yULhXILe0i8xQqPF', 'spotify:track:5KhFaq45chTw8RGfWo8T8J', 'spotify:track:6wJrqTE6c4NtfDqAcSRcBf']"
33,Nicky Jam,"[82, 82, 78, 75, 74, 74, 74, 74, 73, 73]","['Baby', 'X', 'X - Remix', 'Bella y Sensual', 'El Perdón', 'Que Le De', 'Tú Y Yo (feat. Nicky Jam & Justin Quiles)', 'Good Vibes', 'Jaleo', 'El Amante']","['spotify:track:2IA8cFA46DkjgbsRG7kKbp', 'spotify:track:39N9RPD9MRb5WmoLzNzPeA', 'spotify:track:6JjPBQfI2Y8nIjnm65X6Pw', 'spotify:track:0ERbK7qVqveCaBWIiYCrl3', 'spotify:track:7qCAVkHWZkF44OzOUKf8Cr', 'spotify:track:08aYFNUTIOMGq93e2VSArQ', 'spotify:track:58smOywZbVu8AjWutppiQA', 'spotify:track:4TwIbmabI2R5XUhqptk6Ev', 'spotify:track:5qEDMy4lkVZ93et8y1VP99', 'spotify:track:3umS4y3uQDkqekNjVpiRUs']"
34,Justin Bieber,"[83, 81, 80, 76, 76, 75, 71, 70, 69, 69]","['No Brainer', 'Love Yourself', 'Sorry', 'Friends (with BloodPop®)', 'What Do You Mean?', 'Mistletoe', 'Baby', 'Purpose', 'Company', 'As Long As You Love Me']","['spotify:track:5WvAo7DNuPRmk4APhdPzi8', 'spotify:track:50kpGaPAhYJ3sGmk6vplg0', 'spotify:track:09CtPGIpYB4BrO8qb1RGsF', 'spotify:track:7iNIg7XDEaYECfWD5dJ9Va', 'spotify:track:4B0JvthVoAAuygILe3n4Bs', 'spotify:track:7xapw9Oy21WpfEcib2ErSA', 'spotify:track:6epn3r7S14KUqlReYr77hA', 'spotify:track:2IjyFRCRn8x1bEquOM3vxg', 'spotify:track:61uyGDPJ06MkxJtHgPmuyO', 'spotify:track:0pwYLVXVknPSGUQb39cePC']"
35,Kodak Black,"[92, 79, 83, 80, 79, 79, 75, 75, 74, 73]","['ZEZE (feat. Travis Scott & Offset)', 'Wake Up in the Sky', 'Calling My Spirit', 'Roll In Peace (feat. XXXTENTACION)', 'MoshPit (feat. Juice WRLD)', 'Drowning (feat. Kodak Black)', 'Codeine Dreaming (feat. Lil Wayne)', 'Tunnel Vision', 'Gnarly (feat. Lil Pump)', ""Transportin'""]","['spotify:track:0FZ4Dmg8jJJAPJnvBIzD9z', 'spotify:track:2G1tXoGBaEMJ7FKGnkf6ud', 'spotify:track:2MShy1GSSgbmGUxADNIao5', 'spotify:track:40oKW22ZNNkEdZLJTScaQI', 'spotify:track:4KX8vXbouybtUptEyYxtIk', 'spotify:track:1f5cbQtDrykjarZVrShaDI', 'spotify:track:4DTpngLjoHj5gFxEZFeD3J', 'spotify:track:4Q3N4Ct4zCuIHuZ65E3BD4', 'spotify:track:40Rpg3LkZwwzuHJ3GdjMma', 'spotify:track:1WIZiOuNO3woKfdlSK2gNn']"
36,Jason Derulo,"[81, 80, 79, 74, 74, 64, 69, 63, 68, 68]","['Goodbye (feat. Nicki Minaj & Willy William)', '1, 2, 3 (feat. Jason Derulo & De La Ghetto)', 'Swalla (feat. Nicki Minaj & Ty Dolla $ign)', 'Tip Toe (feat. French Montana)', 'Want to Want Me', 'Whatcha Say', 'Colors - Coca-Cola® Anthem, 2018 FIFA World CupTM', 'In My Head', 'It Girl', 'Make Up (feat. Ava Max)']","['spotify:track:5Xn4IyTtW6FUGIUyWjbUHG', 'spotify:track:4QtiVmuA88tPQiCOHZuQ5b', 'spotify:track:6kex4EBAj0WHXDKZMEJaaF', 'spotify:track:2z4pcBLQXF2BXKFvd0BuB6', 'spotify:track:7oGZAicScQt96OAW4AruYy', 'spotify:track:67T6l4q3zVjC5nZZPXByU8', 'spotify:track:7wD6iRghe6SnKHkvHqpnC5', 'spotify:track:5BoIP8Eha5hwmRVURkC2Us', 'spotify:track:4fINc8dnfcz7AdhFYVA4i7', 'spotify:track:2s4fNa1Rqam7rGCSn9Gj1j']"
37,Metro Boomin,"[86, 84, 83, 80, 74, 74, 74, 74, 72, 72]","['Space Cadet (feat. Gunna)', 'Ric Flair Drip (& Metro Boomin)', '10 Freaky Girls (with 21 Savage)', ""Don't Come Out The House (with 21 Savage)"", 'Overdue (with Travis Scott)', 'Ghostface Killers', 'X (feat. Future)', 'Dreamcatcher (feat. Swae Lee & Travis Scott)', 'No Heart', 'No More (feat. Travis Scott, Kodak Black & 21 Savage)']","['spotify:track:1fewSx2d5KIZ04wsooEBOz', 'spotify:track:7sO5G9EABYOXQKNPNiE9NR', 'spotify:track:0AluA5RNsa4Cx6XRhf2hWZ', 'spotify:track:2Grb4G6t9VIqo6moKUloom', 'spotify:track:6LyAwkJsHlW7RQ8S1cYAtM', 'spotify:track:5u6vkDnOyaf8LsteDAj2ub', 'spotify:track:6fwdbPMwP1zVStm8FybmkO', 'spotify:track:22ykS8KWpd2r4zcRZ0XMK5', 'spotify:track:4gmmRb6bZJffOOiww1JGTO', 'spotify:track:42k9e2hgl98IdgkXLg4pxs']"
38,XXXTENTACION,"[91, 90, 90, 88, 87, 86, 86, 86, 84, 79]","['SAD!', 'Arms Around You (feat. Maluma & Swae Lee)', 'Moonlight', 'Jocelyn Flores', 'whoa (mind in awe)', 'changes', 'Falling Down - Bonus Track', 'Fuck Love (feat. Trippie Redd)', 'Everybody Dies In Their Nightmares', 'BAD!']","['spotify:track:3ee8Jmje8o58CHK66QrVC2', 'spotify:track:2LskIZrCeLxRvCiGP8gxlh', 'spotify:track:0JP9xo3adEtGSdUEISiszL', 'spotify:track:7m9OqQk4RVRkw9JJdeAw96', 'spotify:track:7pdF27mSDuPWhppnHAmWHa', 'spotify:track:7AFASza1mXqntmGtbxXprO', 'spotify:track:4jvjzW7Hm0yK4LvvE0Paz9', 'spotify:track:7AQim7LbvFVZJE3O8TYgf2', 'spotify:track:3GVkPk8mqxz0itaAriG1L7', 'spotify:track:22An65gG31JLf9n18qjdhZ']"
39,Rae Sremmurd,"[79, 77, 76, 75, 74, 74, 71, 70, 68, 67]","['Powerglide (feat. Juicy J) - From SR3MM', 'Guatemala - From Swaecation', 'Black Beatles', 'Swang', 'Come Get Her', 'No Type', 'Aries (YuGo) Part 2 (with Rae Sremmurd & Big Sean feat. Quavo & Pharrell)', 'This Could Be Us', 'CLOSE (feat. Travis Scott) - From SR3MM', 'Perplexing Pegasus - From SR3MM']","['spotify:track:1BuZAIO8WZpavWVbbq3Lci', 'spotify:track:0TCnOEVeLQMXOUrpPlM7uY', 'spotify:track:6fujklziTHa8uoM5OQSfIo', 'spotify:track:6mapJIPnQ23RTAevUoE0DL', 'spotify:track:1Ser4X0TKttOvo8bgdytTP', 'spotify:track:4scpF6J5uMBvoh6sFB7EL1', 'spotify:track:5NkfVQS8BkceRgoSQwcW6H', 'spotify:track:4jTiyLlOJVJj3mCr7yfPQD', 'spotify:track:1oUudyBYVGMIC8JXeIsFzq', 'spotify:track:1ung2kajpw24AaHjBtPY3j']"
40,Charlie Puth,"[81, 78, 70, 77, 74, 74, 73, 53, 67, 61]","['Attention', 'See You Again (feat. Charlie Puth)', ""We Don't Talk Anymore (feat. Selena Gomez)"", 'How Long', 'The Way I Am', 'Done for Me (feat. Kehlani)', 'Patient', 'Marvin Gaye (feat. Meghan Trainor)', 'One Call Away', 'Dangerously']","['spotify:track:5cF0dROlMOK5uNZtivgu50', 'spotify:track:2JzZzZUQj3Qff7wapcbKjc', 'spotify:track:37FXw5QGFN7uwwsLy8uAc0', 'spotify:track:6wmAHw1szh5RCKSRjiXhPe', 'spotify:track:6qNALlmZa1ESnCxJmXE1K9', 'spotify:track:1lsBTdE6MGsKeZCD6llNu7', 'spotify:track:2ZrHbO88rM6Ijeg0aJmSzl', 'spotify:track:7rl1z4j7MurMDnn9rHh4M2', 'spotify:track:7soJgKhQTO8hLP2JPRkL5O', 'spotify:track:6GBMbvX7sqyOxT5wWK4hgN']"
41,A$AP Rocky,"[85, 71, 76, 74, 73, 73, 73, 67, 72, 71]","['Praise The Lord (Da Shine) (feat. Skepta)', 'PICK IT UP (feat. A$AP Rocky)', 'Sundress', 'Potato Salad', 'L$D', 'Runnin (with A$AP Rocky, A$AP Ferg & Nicki Minaj)', 'Everyday', ""F**kin' Problems (feat. Drake, 2 Chainz & Kendrick Lamar)"", 'Fukk Sleep', 'A$AP Forever']","['spotify:track:7ycWLEP1GsNjVvcjawXz3z', 'spotify:track:0dSIrRkA4PadGll16TgbnV', 'spotify:track:2aPTvyE09vUCRwVvj0I8WK', 'spotify:track:1jzIJcHCXneHw7ojC6LXiF', 'spotify:track:4S7YHmlWwfwArgd8LfSPud', 'spotify:track:23dwrzeJtEEGl2U4CPWSor', 'spotify:track:2N3U8uTYhjX2KwGT0pf5x0', 'spotify:track:4X5f3vT8MRuXF68pfjNte5', 'spotify:track:1AqemxWsT0iGg5Lvkm16Bt', 'spotify:track:1YmF9PvLhIISIANoMLIYGq']"
42,Sebastian Yatra,"[86, 84, 77, 77, 76, 72, 75, 74, 73, 73]","['Ya No Tiene Novio', 'Un Año', 'Vuelve', 'Robarte un Beso', 'No Hay Nadie Más', 'Por Perro', 'A Partir De Hoy', 'Contigo Siempre', 'Ni Gucci Ni Prada - Remix', 'Suena El Dembow']","['spotify:track:7uQmJ1jgNzBpATSoWKSPFu', 'spotify:track:5BDP2tky8oMQJPS33frKVp', 'spotify:track:6WSAPEkvEfcEUgSTAo1D3S', 'spotify:track:0JcNysfWVWaMS7R6vzGB2k', 'spotify:track:3IPJg1sdqLj12kFIndaonN', 'spotify:track:2alIsNw1mqEShbWyO1HXZZ', 'spotify:track:7ojH6H4wE6XJNgzU4uvNc8', 'spotify:track:17LxkTp8UNbPcYrDrI6UOq', 'spotify:track:3EwnwCYCO2mnCoYj5NLhER', 'spotify:track:0woHVOh3KXLSDv8VU9XwZ4']"
43,Justin Timberlake,"[73, 76, 75, 74, 72, 70, 70, 70, 66, 59]","['CAN\'T STOP THE FEELING! (Original Song from DreamWorks Animation\'s ""TROLLS"")', 'Say Something', 'Cry Me a River', 'Mirrors', 'Rock Your Body', 'Love Never Felt so Good', 'My Love (feat. T.I.)', 'What Goes Around.../...Comes Around (Interlude)', 'Señorita', 'SexyBack (feat. Timbaland)']","['spotify:track:1WkMMavIMc4JZ8cfMmxHkI', 'spotify:track:1LhMopPAallLeaeNutqbgS', 'spotify:track:7Lf7oSEVdzZqTA0kEDSlS5', 'spotify:track:4rHZZAmHpZrA3iH5zx8frV', 'spotify:track:1AWQoqb9bSvzTjaLralEkT', 'spotify:track:48td6xvpokdYwvbl3JIiXP', 'spotify:track:4NeOWqHmlrGRuBvsLJC9rL', 'spotify:track:4ZrEjG3Vef85NTve8ptC9Q', 'spotify:track:0aj2QKJvz6CePykmlTApiD', 'spotify:track:4Lvc9SbPc0svm9TEoMgFzB']"
44,Michael Jackson,"[81, 80, 76, 75, 74, 73, 71, 70, 70, 70]","['Billie Jean', 'Don’t Matter To Me (with Michael Jackson)', 'Beat It - Single Version', 'Smooth Criminal - 2012 Remaster', ""Don't Stop 'Til You Get Enough - Single Version"", 'Rock with You - Single Version', 'The Way You Make Me Feel - 2012 Remaster', 'Love Never Felt so Good', 'P.Y.T. (Pretty Young Thing)', 'Remember the Time']","['spotify:track:5ChkMS8OtdzJeqyybCc9R5', 'spotify:track:6G8kHiVZ1jW7vHMPVRNZU0', 'spotify:track:1OOtq8tRnDM8kG2gqUPjAj', 'spotify:track:2bCQHF9gdG5BNDVuEIEnNk', 'spotify:track:46eu3SBuFCXWsPT39Yg3tJ', 'spotify:track:7oOOI85fVQvVnK5ynNMdW7', 'spotify:track:0sKlV58cODrjxGFOyf9IXY', 'spotify:track:48td6xvpokdYwvbl3JIiXP', 'spotify:track:5lA3pwMkBdd24StM90QrNR', 'spotify:track:4jnFqNWeJCeCRHc4HCdxfd']"
45,21 Savage,"[90, 85, 82, 81, 79, 76, 76, 75, 75, 74]","['a lot', 'monster', 'Bank Account', 'all my friends', ""can't leave without it"", '1.5', 'Bartier Cardi (feat. 21 Savage)', 'ball w/o you', 'asmr', 'Ghostface Killers']","['spotify:track:2t8yVaLvJ0RenpXUIAC52d', 'spotify:track:2FUNBaa5DwItJtYEBgAblU', 'spotify:track:2fQrGHiQOvpL9UgPvtYy6G', 'spotify:track:4paAidoE8VAemwU4jgCc6l', 'spotify:track:0hPLZrnDgtKxrym1BHjDhd', 'spotify:track:2wOXxtHZgRkkrkEbKLzzqs', 'spotify:track:0dIoGTQXDh1wVnhIiSyYEa', 'spotify:track:50a8bKqlwDEqeiEknrzkTO', 'spotify:track:2QgfDF0fQ4sskDthP8MG5w', 'spotify:track:5u6vkDnOyaf8LsteDAj2ub']"
46,Wiz Khalifa,"[78, 78, 77, 60, 74, 72, 70, 67, 67, 67]","['See You Again (feat. Charlie Puth)', 'Hopeless Romantic (feat. Swae Lee)', 'Sucker For Pain (with Wiz Khalifa, Imagine Dragons, Logic & Ty Dolla $ign feat. X Ambassadors)', 'Young, Wild & Free (feat. Bruno Mars)', 'Fr Fr (feat. Lil Skies)', 'Black and Yellow', 'Alright (feat. Trippie Redd & Preme)', 'So High (feat. Ghost Loft)', 'We Dem Boyz', 'Real Rich (feat. Gucci Mane)']","['spotify:track:2JzZzZUQj3Qff7wapcbKjc', 'spotify:track:7IBSffWIu7P2MC7kMwy2FM', 'spotify:track:4dASQiO1Eoo3RJvt74FtXB', 'spotify:track:6YbhspuOar1D9WSSnfe7ds', 'spotify:track:1RagpNpkD3KcjXMLGMe99V', 'spotify:track:5A6OHHy73AR5tLxgTc98zz', 'spotify:track:3k9vMJ09zyVP3N2pi8Yzj0', 'spotify:track:0odHj0qIf86vHBsXB30IkZ', 'spotify:track:1ULa3GfdMKs0MfRpm6xVlu', 'spotify:track:5t8djD6oZcfAyqF4cTQfFb']"
47,Zedd,"[86, 83, 82, 80, 71, 69, 67, 66, 62, 62]","['The Middle', 'Happy Now', 'Lost In Japan - Remix', 'Stay (with Alessia Cara)', 'Clarity', 'Beautiful Now', 'Get Low (with Liam Payne)', 'I Want You To Know', 'Happy Now - Acoustic', 'Spectrum']","['spotify:track:09IStsImFySgyp0pIQdqAc', 'spotify:track:4keoy2fqgwGnbWlm3ZVZFa', 'spotify:track:575NJxNUVDqwJGdzBrlLbv', 'spotify:track:6uBhi9gBXWjanegOb2Phh0', 'spotify:track:60wwxj6Dd9NJlirf84wr2c', 'spotify:track:2ISSQPb9LHHiV6ng2NXosL', 'spotify:track:2syQ0f4SAQdzvlAewPl1DJ', 'spotify:track:1JDIArrcepzWDTAWXdGYmP', 'spotify:track:6cWpGXt8X3WqHYnnDeNiKV', 'spotify:track:1dFkD1JfRMzwO6hwUsE8aS']"
48,Ty Dolla $ign,"[88, 82, 79, 79, 76, 58, 69, 69, 69, 68]","['Nights Like This (feat. Ty Dolla $ign)', 'OTW', 'Scared of the Dark (feat. XXXTENTACION)', 'Swalla (feat. Nicki Minaj & Ty Dolla $ign)', 'Or Nah (feat. The Weeknd, Wiz Khalifa and DJ Mustard) - Remix', 'The Light', 'Love U Better (feat. Lil Wayne & The-Dream)', 'Movin’ Up', 'Clout (feat. 21 Savage)', 'Bad Bitch (feat. Ty Dolla $ign)']","['spotify:track:7e4KQkp5ZR1gXCAalRjX6B', 'spotify:track:6Hgh47WXVKtXN5zGOu0hjI', 'spotify:track:3vWzyGTu6Ovo1GdrcJqH6e', 'spotify:track:6kex4EBAj0WHXDKZMEJaaF', 'spotify:track:7t2bFihaDvhIrd2gn2CWJO', 'spotify:track:0YIfZYYfVytcD1q0Mx57Ey', 'spotify:track:270aLuFCbX32hhBr8MQyPM', 'spotify:track:7jTL6K5hqWDVUH4j2thZrp', 'spotify:track:1u0CD4fcBUB1xrG9fNgejh', 'spotify:track:4ZJPwET9Jrgpkqi4Vo3Yg8']"
49,Luis Fonsi,"[69, 80, 69, 68, 58, 65, 69, 68, 67, 66]","['Imposible', 'Despacito - Remix', 'Échame La Culpa', 'Baby (feat. MARINA & Luis Fonsi)', 'Calypso', 'Sola', 'Despacito', 'Sigamos Bailando', 'Apaga La Luz', 'El Ultimo Adiós - Varios Artistas Version']","['spotify:track:4cuGZb0iFyHtwaSKdKrJkF', 'spotify:track:6rPO02ozF3bM7NnOV4h6s2', 'spotify:track:0mlAOSILGRys2IbvyOT5VJ', 'spotify:track:5XWCc9wQes7X5uyYH9h5JR', 'spotify:track:2u7tDWQ6LX0Kw1LiK1jaok', 'spotify:track:0mtdxzBRDbueLFpiwpbHKO', 'spotify:track:6habFhsOp2NvshLv26DqMb', 'spotify:track:07XhZyYKgZMT4SBAddwVhl', 'spotify:track:4v4pC1y5UI5oHdcluJIJs8', 'spotify:track:0tzixmHNQfE6S6SirSToxW']"
